,avg_loss,accuracy,diff_accuracy,diff_F1,diff_auc,diff_ap
0,1.1004369113869863,0.3254985572024284,0.37499036707852756,0.5454443551852336,0.5,0.37499036707852756
1,1.6718412885273972,0.5916155051504021,0.6267392774880766,0.43444303173408755,0.5778509373360233,0.4239432548622407
2,2.290911815068493,0.5699093220992062,0.6102734037178795,0.4288421237561018,0.5662495296545007,0.41441170572046515
3,2.4774922410102738,0.5775471585022306,0.6173803591153125,0.43311132254995244,0.5718573653519209,0.4187596047474568
4,2.6099850171232877,0.5783092296231601,0.6184678089170884,0.43484437228888156,0.5730561442223775,0.4196558161052262
5,2.6686606378424655,0.5771447164496049,0.6163528474915873,0.4299255677842102,0.5702361232149336,0.4176133373596056
