,avg_loss,accuracy,diff_accuracy,diff_F1,diff_auc,diff_ap
0,1.0988765939890408,0.3306485721115831,0.3873871388904213,0.5584178888837342,0.5000181475805824,0.38736816920073297
1,0.3499875092513423,0.876528566962726,0.8771721741049263,0.8288646058851411,0.857078589482719,0.781288484964509
2,0.2065439384170896,0.9339842959857303,0.9342509332303562,0.9122716621888532,0.9247415394671262,0.8786888596052181
3,0.172298223771008,0.9460013607693863,0.946277192401758,0.9290372727383135,0.9392131652347185,0.8992729197754111
4,0.1453751027847115,0.9556646622901381,0.9558301612695611,0.9421190872069206,0.9507148619964556,0.9156802083321764
5,0.14563023297006014,0.9552417204538349,0.9554439969842409,0.9417267917267919,0.9506615456415214,0.9143394616428007
