,avg_loss,accuracy,diff_accuracy,diff_F1,diff_auc,diff_ap
0,1.0988765939890408,0.3306485721115831,0.3873871388904213,0.5584178888837342,0.5000181475805824,0.38736816920073297
1,0.3519390181395263,0.8748276052297678,0.8753149077802909,0.8265080278897206,0.8553489591231163,0.7776568977333056
2,0.2000055809728045,0.9366322796564976,0.9368805281256322,0.9160747686402035,0.9281357953417999,0.8828267072054653
3,0.1664020732487956,0.9483643184200364,0.9485849837259337,0.9323100760180119,0.942240045526261,0.9028317978638155
4,0.1494738496587921,0.9533844541291996,0.9535131755576396,0.9390064419620239,0.9480470643452849,0.9114957797342698
5,0.1385516991296843,0.9570897923907247,0.9571817362681819,0.9439287219312504,0.9522630763962132,0.9181377737244647
