,avg_loss,accuracy,diff_accuracy,diff_F1,diff_auc,diff_ap
0,1.2018603483835857,0.8,0.8,0.0,0.5,0.2
1,1.1694782574971516,0.7777777777777778,0.7777777777777778,0.0,0.4861111111111111,0.2
2,1.2395230929056804,0.7777777777777778,0.7777777777777778,0.0,0.4861111111111111,0.2
3,1.2818002700805664,0.7666666666666667,0.7666666666666667,0.0,0.4791666666666667,0.2
4,1.264717737833659,0.7666666666666667,0.7666666666666667,0.0,0.4791666666666667,0.2
5,1.242828369140625,0.7666666666666667,0.7666666666666667,0.0,0.4791666666666667,0.2
