,avg_loss,accuracy
0,6.762379175773866,0.00124054820415879
1,1.887741002333412,0.6590264650283554
2,0.7684606541307302,0.8535562381852552
3,0.4753922460660592,0.9035326086956522
4,0.3570506451035267,0.9219636105860114
5,0.28866331969407194,0.9328922495274102
6,0.24676248301630435,0.941398865784499
7,0.2190597764936422,0.9469517958412098
8,0.19995784939800182,0.9501417769376181
9,0.18634437027410208,0.9520912098298677
10,0.17229797709416353,0.9536862003780718
