,avg_loss,accuracy,diff_accuracy,diff_F1,diff_auc,diff_ap
0,1.0989714221230888,0.3305916518095098,0.39109857187494257,0.5622873601944891,0.4999765032073122,0.39110576092000143
1,0.33969371944832405,0.8817339680555811,0.882248607715919,0.8375324922335636,0.8632496888120134,0.7935065104514898
2,0.18926985801510585,0.9409634789641039,0.9411472788427959,0.9227316602316603,0.933515611063547,0.8917649619224816
3,0.15536803212175646,0.9511459922436452,0.9512562721708604,0.9365064163953266,0.9455060483104519,0.9090000780580169
4,0.13706841450584387,0.9569540684103148,0.9570367783557263,0.9441944301863369,0.9520722375776508,0.9193948678990934
5,0.13205606605823655,0.9590218170456007,0.95904019703347,0.9468132077948425,0.9542300155562385,0.9232181038718721
